0101,TMAX,172,,,W,2400
0101,TMIN,67,,,W,2400
0101,PRCP,0,,,W,2400
0101,SNOW,0,,,W,
0102,TMAX,172,,,W,2400
0102,TMIN,89,,,W,2400
0102,PRCP,0,,,W,2400
0102,SNOW,0,,,W,
0103,TMAX,178,,,W,2400
0103,TMIN,94,,,W,2400
0103,PRCP,0,,,W,2400
0103,SNOW,0,,,W,
0104,TMAX,189,,,W,2400
0104,TMIN,78,,,W,2400
0104,PRCP,0,,,W,2400
0104,SNOW,0,,,W,
0105,TMAX,189,,,W,2400
0105,TMIN,89,,,W,2400
0105,PRCP,0,,,W,2400
0105,SNOW,0,,,W,
0106,TMAX,156,,,W,2400
0106,TMIN,89,,,W,2400
0106,PRCP,0,,,W,2400
0106,SNOW,0,,,W,
0107,TMAX,161,,,W,2400
0107,TMIN,94,,,W,2400
0107,PRCP,0,,,W,2400
0107,SNOW,0,,,W,
0108,TMAX,133,,,W,2400
0108,TMIN,100,,,W,2400
0108,PRCP,0,,,W,2400
0108,SNOW,0,,,W,
0109,TMAX,133,,,W,2400
0109,TMIN,100,,,W,2400
0109,PRCP,5,,,W,2400
0109,SNOW,0,,,W,
0110,TMAX,167,,,W,2400
0110,TMIN,89,,,W,2400
0110,PRCP,0,,,W,2400
0110,SNOW,0,,,W,
0111,TMAX,128,,,W,2400
0111,TMIN,83,,,W,2400
0111,PRCP,3,,,W,2400
0111,SNOW,0,,,W,
0112,TMAX,150,,,W,2400
0112,TMIN,83,,,W,2400
0112,PRCP,0,,,W,2400
0112,SNOW,0,,,W,
0113,TMAX,194,,,W,2400
0113,TMIN,83,,,W,2400
0113,PRCP,0,,,W,2400
0113,SNOW,0,,,W,
0114,TMAX,200,,,W,2400
0114,TMIN,94,,,W,2400
0114,PRCP,0,,,W,2400
0114,SNOW,0,,,W,
0115,TMAX,217,,,W,2400
0115,TMIN,111,,,W,2400
0115,PRCP,0,,,W,2400
0115,SNOW,0,,,W,
0116,TMAX,222,,,W,2400
0116,TMIN,106,,,W,2400
0116,PRCP,0,,,W,2400
0116,SNOW,0,,,W,
0117,TMAX,194,,,W,2400
0117,TMIN,100,,,W,2400
0117,PRCP,0,,,W,2400
0117,SNOW,0,,,W,
0118,TMAX,206,,,W,2400
0118,TMIN,94,,,W,2400
0118,PRCP,0,,,W,2400
0118,SNOW,0,,,W,
0119,TMAX,183,,,W,2400
0119,TMIN,100,,,W,2400
0119,PRCP,0,,,W,2400
0119,SNOW,0,,,W,
0120,TMAX,206,,,W,2400
0120,TMIN,89,,,W,2400
0120,PRCP,0,,,W,2400
0120,SNOW,0,,,W,
0121,TMAX,189,,,W,2400
0121,TMIN,94,,,W,2400
0121,PRCP,0,,,W,2400
0121,SNOW,0,,,W,
0122,TMAX,206,,,W,2400
0122,TMIN,89,,,W,2400
0122,PRCP,0,,,W,2400
0122,SNOW,0,,,W,
0123,TMAX,200,,,W,2400
0123,TMIN,89,,,W,2400
0123,PRCP,0,,,W,2400
0123,SNOW,0,,,W,
0124,TMAX,183,,,W,2400
0124,TMIN,94,,,W,2400
0124,PRCP,0,,,W,2400
0124,SNOW,0,,,W,
0125,TMAX,217,,,W,2400
0125,TMIN,100,,,W,2400
0125,PRCP,0,,,W,2400
0125,SNOW,0,,,W,
0126,TMAX,211,,,W,2400
0126,TMIN,94,,,W,2400
0126,PRCP,0,,,W,2400
0126,SNOW,0,,,W,
0127,TMAX,144,,,W,2400
0127,TMIN,89,,,W,2400
0127,PRCP,0,,,W,2400
0127,SNOW,0,,,W,
0128,TMAX,172,,,W,2400
0128,TMIN,111,,,W,2400
0128,PRCP,0,,,W,2400
0128,SNOW,0,,,W,
0129,TMAX,161,,,W,2400
0129,TMIN,122,,,W,2400
0129,PRCP,0,,,W,2400
0129,SNOW,0,,,W,
0130,TMAX,133,,,W,2400
0130,TMIN,106,,,W,2400
0130,PRCP,8,,,W,2400
0130,SNOW,0,,,W,
0131,TMAX,144,,,W,2400
0131,TMIN,89,,,W,2400
0131,PRCP,0,,,W,2400
0131,SNOW,0,,,W,
0201,TMAX,139,,,W,2400
0201,TMIN,67,,,W,2400
0201,PRCP,0,,,W,2400
0201,SNOW,0,,,W,
0202,TMAX,100,,,W,2400
0202,TMIN,72,,,W,2400
0202,PRCP,71,,,W,2400
0202,SNOW,0,,,W,
0203,TMAX,122,,,W,2400
0203,TMIN,67,,,W,2400
0203,PRCP,0,,,W,2400
0203,SNOW,0,,,W,
0204,TMAX,117,,,W,2400
0204,TMIN,67,,,W,2400
0204,PRCP,0,,,W,2400
0204,SNOW,0,,,W,
0205,TMAX,117,,,W,2400
0205,TMIN,56,,,W,2400
0205,PRCP,23,,,W,2400
0205,SNOW,0,,,W,
0206,TMAX,111,,,W,2400
0206,TMIN,78,,,W,2400
0206,PRCP,165,,,W,2400
0206,SNOW,0,,,W,
0207,TMAX,128,,,W,2400
0207,TMIN,106,,,W,2400
0207,PRCP,89,,,W,2400
0207,SNOW,0,,,W,
0208,TMAX,144,,,W,2400
0208,TMIN,111,,,W,2400
0208,PRCP,292,,,W,2400
0208,SNOW,0,,,W,
0209,TMAX,144,,,W,2400
0209,TMIN,133,,,W,2400
0209,PRCP,287,,,W,2400
0209,SNOW,0,,,W,
0210,TMAX,144,,,W,2400
0210,TMIN,111,,,W,2400
0210,PRCP,10,,,W,2400
0210,SNOW,0,,,W,
0211,TMAX,144,,,W,2400
0211,TMIN,94,,,W,2400
0211,PRCP,0,,,W,2400
0211,SNOW,0,,,W,
0212,TMAX,144,,,W,2400
0212,TMIN,89,,,W,2400
0212,PRCP,0,,,W,2400
0212,SNOW,0,,,W,
0213,TMAX,189,,,W,2400
0213,TMIN,106,,,W,2400
0213,PRCP,0,,,W,2400
0213,SNOW,0,,,W,
0214,TMAX,167,,,W,2400
0214,TMIN,122,,,W,2400
0214,PRCP,0,,,W,2400
0214,SNOW,0,,,W,
0215,TMAX,150,,,W,2400
0215,TMIN,117,,,W,2400
0215,PRCP,3,,,W,2400
0215,SNOW,0,,,W,
0216,TMAX,161,,,W,2400
0216,TMIN,94,,,W,2400
0216,PRCP,8,,,W,2400
0216,SNOW,0,,,W,
0217,TMAX,150,,,W,2400
0217,TMIN,83,,,W,2400
0217,PRCP,0,,,W,2400
0217,SNOW,0,,,W,
0218,TMAX,161,,,W,2400
0218,TMIN,94,,,W,2400
0218,PRCP,0,,,W,2400
0218,SNOW,0,,,W,
0219,TMAX,150,,,W,2400
0219,TMIN,106,,,W,2400
0219,PRCP,3,,,W,2400
0219,SNOW,0,,,W,
0220,TMAX,189,,,W,2400
0220,TMIN,94,,,W,2400
0220,PRCP,0,,,W,2400
0220,SNOW,0,,,W,
0221,TMAX,206,,,W,2400
0221,TMIN,94,,,W,2400
0221,PRCP,0,,,W,2400
0221,SNOW,0,,,W,
0222,TMAX,178,,,W,2400
0222,TMIN,94,,,W,2400
0222,PRCP,0,,,W,2400
0222,SNOW,0,,,W,
0223,TMAX,172,,,W,2400
0223,TMIN,94,,,W,2400
0223,PRCP,0,,,W,2400
0223,SNOW,0,,,W,
0224,TMAX,206,,,W,2400
0224,TMIN,89,,,W,2400
0224,PRCP,0,,,W,2400
0224,SNOW,0,,,W,
0225,TMAX,161,,,W,2400
0225,TMIN,94,,,W,2400
0225,PRCP,0,,,W,2400
0225,SNOW,0,,,W,
0226,TMAX,144,,,W,2400
0226,TMIN,122,,,W,2400
0226,PRCP,234,,,W,2400
0226,SNOW,0,,,W,
0227,TMAX,178,,,W,2400
0227,TMIN,122,,,W,2400
0227,PRCP,10,,,W,2400
0227,SNOW,0,,,W,
0228,TMAX,161,,,W,2400
0228,TMIN,122,,,W,2400
0228,PRCP,284,,,W,2400
0228,SNOW,0,,,W,
0301,TMAX,183,,,W,2400
0301,TMIN,122,,,W,2400
0301,PRCP,20,,,W,2400
0301,SNOW,0,,,W,
0302,TMAX,150,,,W,2400
0302,TMIN,117,,,W,2400
0302,PRCP,15,,,W,2400
0302,SNOW,0,,,W,
0303,TMAX,156,,,W,2400
0303,TMIN,111,,,W,2400
0303,PRCP,53,,,W,2400
0303,SNOW,0,,,W,
0304,TMAX,161,,,W,2400
0304,TMIN,117,,,W,2400
0304,PRCP,18,,,W,2400
0304,SNOW,0,,,W,
0305,TMAX,194,,,W,2400
0305,TMIN,122,,,W,2400
0305,PRCP,58,,,W,2400
0305,SNOW,0,,,W,
0306,TMAX,172,,,W,2400
0306,TMIN,117,,,W,2400
0306,PRCP,8,,,W,2400
0306,SNOW,0,,,W,
0307,TMAX,172,,,W,2400
0307,TMIN,100,,,W,2400
0307,PRCP,0,,,W,2400
0307,SNOW,0,,,W,
0308,TMAX,217,,,W,2400
0308,TMIN,100,,,W,2400
0308,PRCP,0,,,W,2400
0308,SNOW,0,,,W,
0309,TMAX,206,,,W,2400
0309,TMIN,144,,,W,2400
0309,PRCP,0,,,W,2400
0309,SNOW,0,,,W,
0310,TMAX,189,,,W,2400
0310,TMIN,122,,,W,2400
0310,PRCP,8,,,W,2400
0310,SNOW,0,,,W,
0311,TMAX,217,,,W,2400
0311,TMIN,133,,,W,2400
0311,PRCP,0,,,W,2400
0311,SNOW,0,,,W,
0312,TMAX,228,,,W,2400
0312,TMIN,150,,,W,2400
0312,PRCP,0,,,W,2400
0312,SNOW,0,,,W,
0313,TMAX,222,,,W,2400
0313,TMIN,117,,,W,2400
0313,PRCP,0,,,W,2400
0313,SNOW,0,,,W,
0314,TMAX,189,,,W,2400
0314,TMIN,117,,,W,2400
0314,PRCP,0,,,W,2400
0314,SNOW,0,,,W,
0315,TMAX,244,,,W,2400
0315,TMIN,117,,,W,2400
0315,PRCP,0,,,W,2400
0315,SNOW,0,,,W,
0316,TMAX,189,,,W,2400
0316,TMIN,100,,,W,2400
0316,PRCP,0,,,W,2400
0316,SNOW,0,,,W,
0317,TMAX,178,,,W,2400
0317,TMIN,106,,,W,2400
0317,PRCP,0,,,W,2400
0317,SNOW,0,,,W,
0318,TMAX,206,,,W,2400
0318,TMIN,100,,,W,2400
0318,PRCP,0,,,W,2400
0318,SNOW,0,,,W,
0319,TMAX,222,,,W,2400
0319,TMIN,106,,,W,2400
0319,PRCP,0,,,W,2400
0319,SNOW,0,,,W,
0320,TMAX,178,,,W,2400
0320,TMIN,100,,,W,2400
0320,PRCP,0,,,W,2400
0320,SNOW,0,,,W,
0321,TMAX,161,,,W,2400
0321,TMIN,100,,,W,2400
0321,PRCP,0,,,W,2400
0321,SNOW,0,,,W,
0322,TMAX,167,,,W,2400
0322,TMIN,94,,,W,2400
0322,PRCP,0,,,W,2400
0322,SNOW,0,,,W,
0323,TMAX,156,,,W,2400
0323,TMIN,94,,,W,2400
0323,PRCP,0,,,W,2400
0323,SNOW,0,,,W,
0324,TMAX,172,,,W,2400
0324,TMIN,89,,,W,2400
0324,PRCP,0,,,W,2400
0324,SNOW,0,,,W,
0325,TMAX,156,,,W,2400
0325,TMIN,100,,,W,2400
0325,PRCP,41,,,W,2400
0325,SNOW,0,,,W,
0326,TMAX,150,,,W,2400
0326,TMIN,106,,,W,2400
0326,PRCP,147,,,W,2400
0326,SNOW,0,,,W,
0327,TMAX,172,,,W,2400
0327,TMIN,117,,,W,2400
0327,PRCP,0,,,W,2400
0327,SNOW,0,,,W,
0328,TMAX,194,,,W,2400
0328,TMIN,122,,,W,2400
0328,PRCP,0,,,W,2400
0328,SNOW,0,,,W,
0329,TMAX,150,,,W,2400
0329,TMIN,106,,,W,2400
0329,PRCP,188,,,W,2400
0329,SNOW,0,,,W,
0330,TMAX,150,,,W,2400
0330,TMIN,100,,,W,2400
0330,PRCP,0,,,W,2400
0330,SNOW,0,,,W,
0331,TMAX,133,,,W,2400
0331,TMIN,83,,,W,2400
0331,PRCP,193,,,W,2400
0401,TMAX,139,,,W,2400
0401,TMIN,78,,,W,2400
0401,PRCP,226,,,W,2400
0401,SNOW,0,,,W,
0402,TMAX,150,,,W,2400
0402,TMIN,78,,,W,2400
0402,PRCP,0,,,W,2400
0402,SNOW,0,,,W,
0403,TMAX,156,,,W,2400
0403,TMIN,100,,,W,2400
0403,PRCP,0,,,W,2400
0403,SNOW,0,,,W,
0404,TMAX,144,,,W,2400
0404,TMIN,100,,,W,2400
0404,PRCP,97,,,W,2400
0404,SNOW,0,,,W,
0405,TMAX,161,,,W,2400
0405,TMIN,94,,,W,2400
0405,PRCP,0,,,W,2400
0405,SNOW,0,,,W,
0406,TMAX,217,,,W,2400
0406,TMIN,106,,,W,2400
0406,PRCP,0,,,W,2400
0406,SNOW,0,,,W,
0407,TMAX,267,,,W,2400
0407,TMIN,133,,,W,2400
0407,PRCP,0,,,W,2400
0407,SNOW,0,,,W,
0408,TMAX,239,,,W,2400
0408,TMIN,111,,,W,2400
0408,PRCP,0,,,W,2400
0408,SNOW,0,,,W,
0409,TMAX,150,,,W,2400
0409,TMIN,100,,,W,2400
0409,PRCP,0,,,W,2400
0409,SNOW,0,,,W,
0410,TMAX,200,,,W,2400
0410,TMIN,94,,,W,2400
0410,PRCP,0,,,W,2400
0410,SNOW,0,,,W,
0411,TMAX,156,,,W,2400
0411,TMIN,106,,,W,2400
0411,PRCP,0,,,W,2400
0411,SNOW,0,,,W,
0412,TMAX,161,,,W,2400
0412,TMIN,117,,,W,2400
0412,PRCP,0,,,W,2400
0412,SNOW,0,,,W,
0413,TMAX,172,,,W,2400
0413,TMIN,111,,,W,2400
0413,PRCP,0,,,W,2400
0413,SNOW,0,,,W,
0414,TMAX,183,,,W,2400
0414,TMIN,111,,,W,2400
0414,PRCP,0,,,W,2400
0414,SNOW,0,,,W,
0415,TMAX,178,,,W,2400
0415,TMIN,111,,,W,2400
0415,PRCP,0,,,W,2400
0415,SNOW,0,,,W,
0416,TMAX,200,,,W,2400
0416,TMIN,106,,,W,2400
0416,PRCP,0,,,W,2400
0416,SNOW,0,,,W,
0417,TMAX,172,,,W,2400
0417,TMIN,117,,,W,2400
0417,PRCP,0,,,W,2400
0417,SNOW,0,,,W,
0418,TMAX,156,,,W,2400
0418,TMIN,106,,,W,2400
0418,PRCP,0,,,W,2400
0418,SNOW,0,,,W,
0419,TMAX,156,,,W,2400
0419,TMIN,100,,,W,2400
0419,PRCP,0,,,W,2400
0419,SNOW,0,,,W,
0420,TMAX,239,,,W,2400
0420,TMIN,106,,,W,2400
0420,PRCP,0,,,W,2400
0420,SNOW,0,,,W,
0421,TMAX,172,,,W,2400
0421,TMIN,106,,,W,2400
0421,PRCP,3,,,W,2400
0421,SNOW,0,,,W,
0422,TMAX,150,,,W,2400
0422,TMIN,100,,,W,2400
0422,PRCP,3,,,W,2400
0422,SNOW,0,,,W,
0423,TMAX,161,,,W,2400
0423,TMIN,100,,,W,2400
0423,PRCP,0,,,W,2400
0423,SNOW,0,,,W,
0424,TMAX,161,,,W,2400
0424,TMIN,117,,,W,2400
0424,PRCP,0,,,W,2400
0424,SNOW,0,,,W,
0425,TMAX,133,,,W,2400
0425,TMIN,100,,,W,2400
0425,PRCP,66,,,W,2400
0425,SNOW,0,,,W,
0426,TMAX,144,,,W,2400
0426,TMIN,83,,,W,2400
0426,PRCP,0,,,W,2400
0427,TMAX,161,,,W,2400
0427,TMIN,100,,,W,2400
0427,PRCP,10,,,W,2400
0427,SNOW,0,,,W,
0428,TMAX,189,,,W,2400
0428,TMIN,100,,,W,2400
0428,PRCP,0,,,W,2400
0428,SNOW,0,,,W,
0429,TMAX,272,,,W,2400
0429,TMIN,122,,,W,2400
0429,PRCP,0,,,W,2400
0429,SNOW,0,,,W,
0430,TMAX,322,,,W,2400
0430,TMIN,156,,,W,2400
0430,PRCP,0,,,W,2400
0430,SNOW,0,,,W,
0501,TMAX,289,,,W,2400
0501,TMIN,167,,,W,2400
0501,PRCP,0,,,W,2400
0501,SNOW,0,,,W,
0502,TMAX,189,,,W,2400
0502,TMIN,111,,,W,2400
0502,PRCP,0,,,W,2400
0502,SNOW,0,,,W,
0503,TMAX,167,,,W,2400
0503,TMIN,111,,,W,2400
0503,PRCP,0,,,W,2400
0503,SNOW,0,,,W,
0504,TMAX,183,,,W,2400
0504,TMIN,122,,,W,2400
0504,PRCP,0,,,W,2400
0504,SNOW,0,,,W,
0505,TMAX,167,,,W,2400
0505,TMIN,117,,,W,2400
0505,PRCP,0,,,W,2400
0505,SNOW,0,,,W,
0506,TMAX,189,,,W,2400
0506,TMIN,106,,,W,2400
0506,PRCP,0,,,W,2400
0506,SNOW,0,,,W,
0507,TMAX,167,,,W,2400
0507,TMIN,100,,,W,2400
0507,PRCP,0,,,W,2400
0507,SNOW,0,,,W,
0508,TMAX,172,,,W,2400
0508,TMIN,111,,,W,2400
0508,PRCP,8,,,W,2400
0508,SNOW,0,,,W,
0509,TMAX,172,,,W,2400
0509,TMIN,111,,,W,2400
0509,PRCP,0,,,W,2400
0509,SNOW,0,,,W,
0510,TMAX,167,,,W,2400
0510,TMIN,106,,,W,2400
0510,PRCP,0,,,W,2400
0510,SNOW,0,,,W,
0511,TMAX,228,,,W,2400
0511,TMIN,117,,,W,2400
0511,PRCP,0,,,W,2400
0511,SNOW,0,,,W,
0512,TMAX,272,,,W,2400
0512,TMIN,111,,,W,2400
0512,PRCP,0,,,W,2400
0512,SNOW,0,,,W,
0513,TMAX,322,,,W,2400
0513,TMIN,150,,,W,2400
0513,PRCP,0,,,W,2400
0513,SNOW,0,,,W,
0514,TMAX,311,,,W,2400
0514,TMIN,178,,,W,2400
0514,PRCP,0,,,W,2400
0514,SNOW,0,,,W,
0515,TMAX,239,,,W,2400
0515,TMIN,133,,,W,2400
0515,PRCP,0,,,W,2400
0515,SNOW,0,,,W,
0516,TMAX,183,,,W,2400
0516,TMIN,117,,,W,2400
0516,PRCP,0,,,W,2400
0516,SNOW,0,,,W,
0517,TMAX,161,,,W,2400
0517,TMIN,117,,,W,2400
0517,PRCP,0,,,W,2400
0517,SNOW,0,,,W,
0518,TMAX,172,,,W,2400
0518,TMIN,117,,,W,2400
0518,PRCP,0,,,W,2400
0518,SNOW,0,,,W,
0519,TMAX,167,,,W,2400
0519,TMIN,117,,,W,2400
0519,PRCP,0,,,W,2400
0519,SNOW,0,,,W,
0520,TMAX,178,,,W,2400
0520,TMIN,117,,,W,2400
0520,PRCP,0,,,W,2400
0520,SNOW,0,,,W,
0521,TMAX,194,,,W,2400
0521,TMIN,111,,,W,2400
0521,PRCP,0,,,W,2400
0521,SNOW,0,,,W,
0522,TMAX,183,,,W,2400
0522,TMIN,106,,,W,2400
0522,PRCP,0,,,W,2400
0522,SNOW,0,,,W,
0523,TMAX,172,,,W,2400
0523,TMIN,106,,,W,2400
0523,PRCP,0,,,W,2400
0523,SNOW,0,,,W,
0524,TMAX,167,,,W,2400
0524,TMIN,111,,,W,2400
0524,PRCP,0,,,W,2400
0524,SNOW,0,,,W,
0525,TMAX,211,,,W,2400
0525,TMIN,111,,,W,2400
0525,PRCP,0,,,W,2400
0525,SNOW,0,,,W,
0526,TMAX,194,,,W,2400
0526,TMIN,111,,,W,2400
0526,PRCP,0,,,W,2400
0526,SNOW,0,,,W,
0527,TMAX,183,,,W,2400
0527,TMIN,106,,,W,2400
0527,PRCP,0,,,W,2400
0527,SNOW,0,,,W,
0528,TMAX,194,,,W,2400
0528,TMIN,111,,,W,2400
0528,PRCP,0,,,W,2400
0528,SNOW,0,,,W,
0529,TMAX,222,,,W,2400
0529,TMIN,111,,,W,2400
0529,PRCP,0,,,W,2400
0529,SNOW,0,,,W,
0530,TMAX,144,,,W,2400
0530,TMIN,106,,,W,2400
0530,PRCP,0,,,W,2400
0530,SNOW,0,,,W,
0531,TMAX,178,,,W,2400
0531,TMIN,100,,,W,2400
0531,PRCP,0,,,W,2400
0531,SNOW,0,,,W,
0601,TMAX,178,,,W,2400
0601,TMIN,106,,,W,2400
0601,PRCP,0,,,W,2400
0601,SNOW,0,,,W,
0602,TMAX,156,,,W,2400
0602,TMIN,106,,,W,2400
0602,PRCP,0,,,W,2400
0602,SNOW,0,,,W,
0603,TMAX,172,,,W,2400
0603,TMIN,106,,,W,2400
0603,PRCP,0,,,W,2400
0603,SNOW,0,,,W,
0604,TMAX,194,,,W,2400
0604,TMIN,106,,,W,2400
0604,PRCP,0,,,W,2400
0604,SNOW,0,,,W,
0605,TMAX,167,,,W,2400
0605,TMIN,106,,,W,2400
0605,PRCP,0,,,W,2400
0605,SNOW,0,,,W,
0606,TMAX,172,,,W,2400
0606,TMIN,111,,,W,2400
0606,PRCP,0,,,W,2400
0606,SNOW,0,,,W,
0607,TMAX,189,,,W,2400
0607,TMIN,111,,,W,2400
0607,PRCP,0,,,W,2400
0607,SNOW,0,,,W,
0608,TMAX,256,,,W,2400
0608,TMIN,106,,,W,2400
0608,PRCP,0,,,W,2400
0608,SNOW,0,,,W,
0609,TMAX,206,,,W,2400
0609,TMIN,133,,,W,2400
0609,PRCP,0,,,W,2400
0609,SNOW,0,,,W,
0610,TMAX,178,,,W,2400
0610,TMIN,128,,,W,2400
0610,PRCP,0,,,W,2400
0610,SNOW,0,,,W,
0611,TMAX,178,,,W,2400
0611,TMIN,122,,,W,2400
0611,PRCP,0,,,W,2400
0611,SNOW,0,,,W,
0612,TMAX,167,,,W,2400
0612,TMIN,111,,,W,2400
0612,PRCP,0,,,W,2400
0612,SNOW,0,,,W,
0613,TMAX,211,,,W,2400
0613,TMIN,122,,,W,2400
0613,PRCP,0,,,W,2400
0613,SNOW,0,,,W,
0614,TMAX,239,,,W,2400
0614,TMIN,122,,,W,2400
0614,PRCP,0,,,W,2400
0614,SNOW,0,,,W,
0615,TMAX,178,,,W,2400
0615,TMIN,117,,,W,2400
0615,PRCP,0,,,W,2400
0615,SNOW,0,,,W,
0616,TMAX,156,,,W,2400
0616,TMIN,111,,,W,2400
0616,PRCP,0,,,W,2400
0616,SNOW,0,,,W,
0617,TMAX,194,,,W,2400
0617,TMIN,106,,,W,2400
0617,PRCP,0,,,W,2400
0617,SNOW,0,,,W,
0618,TMAX,256,,,W,2400
0618,TMIN,117,,,W,2400
0618,PRCP,0,,,W,2400
0618,SNOW,0,,,W,
0619,TMAX,183,,,W,2400
0619,TMIN,117,,,W,2400
0619,PRCP,0,,,W,2400
0619,SNOW,0,,,W,
0620,TMAX,217,,,W,2400
0620,TMIN,117,,,W,2400
0620,PRCP,0,,,W,2400
0620,SNOW,0,,,W,
0621,TMAX,156,,,W,2400
0621,TMIN,117,,,W,2400
0621,PRCP,0,,,W,2400
0621,SNOW,0,,,W,
0622,TMAX,167,,,W,2400
0622,TMIN,111,,,W,2400
0622,PRCP,0,,,W,2400
0622,SNOW,0,,,W,
0623,TMAX,194,,,W,2400
0623,TMIN,111,,,W,2400
0623,PRCP,0,,,W,2400
0623,SNOW,0,,,W,
0624,TMAX,189,,,W,2400
0624,TMIN,128,,,W,2400
0624,PRCP,0,,,W,2400
0624,SNOW,0,,,W,
0625,TMAX,167,,,W,2400
0625,TMIN,122,,,W,2400
0625,PRCP,0,,,W,2400
0625,SNOW,0,,,W,
0626,TMAX,183,,,W,2400
0626,TMIN,128,,,W,2400
0626,PRCP,3,,,W,2400
0626,SNOW,0,,,W,
0627,TMAX,194,,,W,2400
0627,TMIN,128,,,W,2400
0627,PRCP,0,,,W,2400
0627,SNOW,0,,,W,
0628,TMAX,200,,,W,2400
0628,TMIN,122,,,W,2400
0628,PRCP,0,,,W,2400
0628,SNOW,0,,,W,
0629,TMAX,228,,,W,2400
0629,TMIN,128,,,W,2400
0629,PRCP,0,,,W,2400
0629,SNOW,0,,,W,
0630,TMAX,228,,,W,2400
0630,TMIN,133,,,W,2400
0630,PRCP,0,,,W,2400
0630,SNOW,0,,,W,
0701,TMAX,183,,,W,2400
0701,TMIN,128,,,W,2400
0701,PRCP,0,,,W,2400
0702,TMAX,183,,,W,2400
0702,TMIN,122,,,W,2400
0702,PRCP,0,,,W,2400
0702,SNOW,0,,,W,
0703,TMAX,183,,,W,2400
0703,TMIN,122,,,W,2400
0703,PRCP,0,,,W,2400
0703,SNOW,0,,,W,
0704,TMAX,167,,,W,2400
0704,TMIN,122,,,W,2400
0704,PRCP,0,,,W,2400
0704,SNOW,0,,,W,
0705,TMAX,183,,,W,2400
0705,TMIN,122,,,W,2400
0705,PRCP,0,,,W,2400
0705,SNOW,0,,,W,
0706,TMAX,189,,,W,2400
0706,TMIN,117,,,W,2400
0706,PRCP,0,,,W,2400
0706,SNOW,0,,,W,
0707,TMAX,200,,,W,2400
0707,TMIN,122,,,W,2400
0707,PRCP,0,,,W,2400
0707,SNOW,0,,,W,
0708,TMAX,178,,,W,2400
0708,TMIN,128,,,W,2400
0708,PRCP,0,,,W,2400
0708,SNOW,0,,,W,
0709,TMAX,200,,,W,2400
0709,TMIN,139,,,W,2400
0709,PRCP,0,,,W,2400
0709,SNOW,0,,,W,
0710,TMAX,200,,,W,2400
0710,TMIN,139,,,W,2400
0710,PRCP,0,,,W,2400
0710,SNOW,0,,,W,
0711,TMAX,200,,,W,2400
0711,TMIN,139,,,W,2400
0711,PRCP,0,,,W,2400
0711,SNOW,0,,,W,
0712,TMAX,178,,,W,2400
0712,TMIN,128,,,W,2400
0712,PRCP,0,,,W,2400
0712,SNOW,0,,,W,
0713,TMAX,194,,,W,2400
0713,TMIN,122,,,W,2400
0713,PRCP,0,,,W,2400
0713,SNOW,0,,,W,
0714,TMAX,222,,,W,2400
0714,TMIN,139,,,W,2400
0714,PRCP,0,,,W,2400
0714,SNOW,0,,,W,
0715,TMAX,228,,,W,2400
0715,TMIN,133,,,W,2400
0715,PRCP,0,,,W,2400
0715,SNOW,0,,,W,
0716,TMAX,211,,,W,2400
0716,TMIN,150,,,W,2400
0716,PRCP,5,,,W,2400
0716,SNOW,0,,,W,
0717,TMAX,200,,,W,2400
0717,TMIN,156,,,W,2400
0717,PRCP,0,,,W,2400
0717,SNOW,0,,,W,
0718,TMAX,200,,,W,2400
0718,TMIN,150,,,W,2400
0718,PRCP,3,,,W,2400
0718,SNOW,0,,,W,
0719,TMAX,200,,,W,2400
0719,TMIN,150,,,W,2400
0719,PRCP,0,,,W,2400
0719,SNOW,0,,,W,
0720,TMAX,194,,,W,2400
0720,TMIN,144,,,W,2400
0720,PRCP,0,,,W,2400
0720,SNOW,0,,,W,
0721,TMAX,211,,,W,2400
0721,TMIN,161,,,W,2400
0721,PRCP,3,,,W,2400
0721,SNOW,0,,,W,
0722,TMAX,222,,,W,2400
0722,TMIN,161,,,W,2400
0722,PRCP,10,,,W,2400
0722,SNOW,0,,,W,
0723,TMAX,217,,,W,2400
0723,TMIN,167,,,W,2400
0723,PRCP,0,,,W,2400
0723,SNOW,0,,,W,
0724,TMAX,239,,,W,2400
0724,TMIN,150,,,W,2400
0724,PRCP,0,,,W,2400
0724,SNOW,0,,,W,
0725,TMAX,294,,,W,2400
0725,TMIN,156,,,W,2400
0725,PRCP,0,,,W,2400
0725,SNOW,0,,,W,
0726,TMAX,222,,,W,2400
0726,TMIN,150,,,W,2400
0726,PRCP,0,,,W,2400
0726,SNOW,0,,,W,
0727,TMAX,206,,,W,2400
0727,TMIN,150,,,W,2400
0727,PRCP,0,,,W,2400
0727,SNOW,0,,,W,
0728,TMAX,194,,,W,2400
0728,TMIN,144,,,W,2400
0728,PRCP,0,,,W,2400
0728,SNOW,0,,,W,
0729,TMAX,194,,,W,2400
0729,TMIN,139,,,W,2400
0729,PRCP,0,,,W,2400
0729,SNOW,0,,,W,
0730,TMAX,194,,,W,2400
0730,TMIN,133,,,W,2400
0730,PRCP,0,,,W,2400
0730,SNOW,0,,,W,
0731,TMAX,189,,,W,2400
0731,TMIN,133,,,W,2400
0731,PRCP,0,,,W,2400
0731,SNOW,0,,,W,
0801,TMAX,183,,,W,2400
0801,TMIN,139,,,W,2400
0801,PRCP,0,,,W,2400
0801,SNOW,0,,,W,
0802,TMAX,167,,,W,2400
0802,TMIN,133,,,W,2400
0802,PRCP,0,,,W,2400
0802,SNOW,0,,,W,
0803,TMAX,178,,,W,2400
0803,TMIN,139,,,W,2400
0803,PRCP,0,,,W,2400
0803,SNOW,0,,,W,
0804,TMAX,200,,,W,2400
0804,TMIN,139,,,W,2400
0804,PRCP,0,,,W,2400
0804,SNOW,0,,,W,
0805,TMAX,206,,,W,2400
0805,TMIN,150,,,W,2400
0805,PRCP,0,,,W,2400
0805,SNOW,0,,,W,
0806,TMAX,217,,,W,2400
0806,TMIN,144,,,W,2400
0806,PRCP,3,,,W,2400
0806,SNOW,0,,,W,
0807,TMAX,178,,,W,2400
0807,TMIN,139,,,W,2400
0807,PRCP,0,,,W,2400
0807,SNOW,0,,,W,
0808,TMAX,200,,,W,2400
0808,TMIN,139,,,W,2400
0808,PRCP,0,,,W,2400
0808,SNOW,0,,,W,
0809,TMAX,156,,,W,2400
0809,TMIN,133,,,W,2400
0809,PRCP,0,,,W,2400
0809,SNOW,0,,,W,
0810,TMAX,200,,,W,2400
0810,TMIN,139,,,W,2400
0810,PRCP,0,,,W,2400
0810,SNOW,0,,,W,
0811,TMAX,206,,,W,2400
0811,TMIN,150,,,W,2400
0811,PRCP,0,,,W,2400
0811,SNOW,0,,,W,
0812,TMAX,211,,,W,2400
0812,TMIN,150,,,W,2400
0812,PRCP,0,,,W,2400
0812,SNOW,0,,,W,
0813,TMAX,206,,,W,2400
0813,TMIN,144,,,W,2400
0813,PRCP,0,,,W,2400
0813,SNOW,0,,,W,
0814,TMAX,200,,,W,2400
0814,TMIN,139,,,W,2400
0814,PRCP,0,,,W,2400
0814,SNOW,0,,,W,
0815,TMAX,206,,,W,2400
0815,TMIN,144,,,W,2400
0815,PRCP,0,,,W,2400
0815,SNOW,0,,,W,
0816,TMAX,194,,,W,2400
0816,TMIN,144,,,W,2400
0816,PRCP,0,,,W,2400
0816,SNOW,0,,,W,
0817,TMAX,194,,,W,2400
0817,TMIN,133,,,W,2400
0817,PRCP,0,,,W,2400
0817,SNOW,0,,,W,
0818,TMAX,167,,,W,2400
0818,TMIN,139,,,W,2400
0818,PRCP,0,,,W,2400
0818,SNOW,0,,,W,
0819,TMAX,200,,,W,2400
0819,TMIN,144,,,W,2400
0819,PRCP,0,,,W,2400
0819,SNOW,0,,,W,
0820,TMAX,194,,,W,2400
0820,TMIN,156,,,W,2400
0820,PRCP,0,,,W,2400
0820,SNOW,0,,,W,
0821,TMAX,206,,,W,2400
0821,TMIN,150,,,W,2400
0821,PRCP,0,,,W,2400
0821,SNOW,0,,,W,
0822,TMAX,200,,,W,2400
0822,TMIN,150,,,W,2400
0822,PRCP,0,,,W,2400
0822,SNOW,0,,,W,
0823,TMAX,211,,,W,2400
0823,TMIN,156,,,W,2400
0823,PRCP,0,,,W,2400
0823,SNOW,0,,,W,
0824,TMAX,206,,,W,2400
0824,TMIN,150,,,W,2400
0824,PRCP,0,,,W,2400
0824,SNOW,0,,,W,
0825,TMAX,200,,,W,2400
0825,TMIN,161,,,W,2400
0825,PRCP,0,,,W,2400
0825,SNOW,0,,,W,
0826,TMAX,206,,,W,2400
0826,TMIN,156,,,W,2400
0826,PRCP,0,,,W,2400
0826,SNOW,0,,,W,
0827,TMAX,206,,,W,2400
0827,TMIN,150,,,W,2400
0827,PRCP,0,,,W,2400
0827,SNOW,0,,,W,
0828,TMAX,200,,,W,2400
0828,TMIN,150,,,W,2400
0828,PRCP,0,,,W,2400
0828,SNOW,0,,,W,
0829,TMAX,206,,,W,2400
0829,TMIN,144,,,W,2400
0829,PRCP,0,,,W,2400
0829,SNOW,0,,,W,
0830,TMAX,217,,,W,2400
0830,TMIN,156,,,W,2400
0830,PRCP,0,,,W,2400
0830,SNOW,0,,,W,
0831,TMAX,217,,,W,2400
0831,TMIN,150,,,W,2400
0831,PRCP,0,,,W,2400
0831,SNOW,0,,,W,
0901,TMAX,233,,,W,2400
0901,TMIN,150,,,W,2400
0901,PRCP,0,,,W,2400
0901,SNOW,0,,,W,
0902,TMAX,183,,,W,2400
0902,TMIN,144,,,W,2400
0902,PRCP,0,,,W,2400
0902,SNOW,0,,,W,
0903,TMAX,206,,,W,2400
0903,TMIN,150,,,W,2400
0903,PRCP,0,,,W,2400
0903,SNOW,0,,,W,
0904,TMAX,206,,,W,2400
0904,TMIN,150,,,W,2400
0904,PRCP,0,,,W,2400
0904,SNOW,0,,,W,
0905,TMAX,200,,,W,2400
0905,TMIN,150,,,W,2400
0905,PRCP,0,,,W,2400
0905,SNOW,0,,,W,
0906,TMAX,194,,,W,2400
0906,TMIN,150,,,W,2400
0906,PRCP,0,,,W,2400
0906,SNOW,0,,,W,
0907,TMAX,189,,,W,2400
0907,TMIN,139,,,W,2400
0907,PRCP,0,,,W,2400
0907,SNOW,0,,,W,
0908,TMAX,178,,,W,2400
0908,TMIN,139,,,W,2400
0908,PRCP,0,,,W,2400
0908,SNOW,0,,,W,
0909,TMAX,189,,,W,2400
0909,TMIN,139,,,W,2400
0909,PRCP,0,,,W,2400
0909,SNOW,0,,,W,
0910,TMAX,267,,,W,2400
0910,TMIN,139,,,W,2400
0910,PRCP,0,,,W,2400
0910,SNOW,0,,,W,
0911,TMAX,256,,,W,2400
0911,TMIN,133,,,W,2400
0911,PRCP,0,,,W,2400
0911,SNOW,0,,,W,
0912,TMAX,200,,,W,2400
0912,TMIN,133,,,W,2400
0912,PRCP,0,,,W,2400
0912,SNOW,0,,,W,
0913,TMAX,200,,,W,2400
0913,TMIN,133,,,W,2400
0913,PRCP,0,,,W,2400
0913,SNOW,0,,,W,
0914,TMAX,211,,,W,2400
0914,TMIN,144,,,W,2400
0914,PRCP,0,,,W,2400
0914,SNOW,0,,,W,
0915,TMAX,217,,,W,2400
0915,TMIN,156,,,W,2400
0915,PRCP,0,,,W,2400
0915,SNOW,0,,,W,
0916,TMAX,239,,,W,2400
0916,TMIN,156,,,W,2400
0916,PRCP,0,,,W,2400
0916,SNOW,0,,,W,
0917,TMAX,233,,,W,2400
0917,TMIN,167,,,W,2400
0917,PRCP,0,,,W,2400
0917,SNOW,0,,,W,
0918,TMAX,233,,,W,2400
0918,TMIN,167,,,W,2400
0918,PRCP,10,,,W,2400
0918,SNOW,0,,,W,
0919,TMAX,200,,,W,2400
0919,TMIN,167,,,W,2400
0919,PRCP,0,,,W,2400
0919,SNOW,0,,,W,
0920,TMAX,189,,,W,2400
0920,TMIN,161,,,W,2400
0920,PRCP,0,,,W,2400
0920,SNOW,0,,,W,
0921,TMAX,194,,,W,2400
0921,TMIN,167,,,W,2400
0921,PRCP,0,,,W,2400
0921,SNOW,0,,,W,
0922,TMAX,217,,,W,2400
0922,TMIN,167,,,W,2400
0922,PRCP,0,,,W,2400
0922,SNOW,0,,,W,
0923,TMAX,211,,,W,2400
0923,TMIN,161,,,W,2400
0923,PRCP,0,,,W,2400
0923,SNOW,0,,,W,
0924,TMAX,239,,,W,2400
0924,TMIN,167,,,W,2400
0924,PRCP,10,,,W,2400
0924,SNOW,0,,,W,
0925,TMAX,217,,,W,2400
0925,TMIN,144,,,W,2400
0925,PRCP,119,,,W,2400
0925,SNOW,0,,,W,
0926,TMAX,211,,,W,2400
0926,TMIN,161,,,W,2400
0926,PRCP,0,,,W,2400
0926,SNOW,0,,,W,
0927,TMAX,211,,,W,2400
0927,TMIN,156,,,W,2400
0927,PRCP,0,,,W,2400
0927,SNOW,0,,,W,
0928,TMAX,206,,,W,2400
0928,TMIN,156,,,W,2400
0928,PRCP,0,,,W,2400
0928,SNOW,0,,,W,
0929,TMAX,183,,,W,2400
0929,TMIN,139,,,W,2400
0929,PRCP,0,,,W,2400
0929,SNOW,0,,,W,
0930,TMAX,206,,,W,2400
0930,TMIN,144,,,W,2400
0930,PRCP,0,,,W,2400
0930,SNOW,0,,,W,
1001,TMAX,278,,,W,2400
1001,TMIN,150,,,W,2400
1001,PRCP,0,,,W,2400
1001,SNOW,0,,,W,
1002,TMAX,311,,,W,2400
1002,TMIN,156,,,W,2400
1002,PRCP,0,,,W,2400
1002,SNOW,0,,,W,
1003,TMAX,333,,,W,2400
1003,TMIN,183,,,W,2400
1003,PRCP,0,,,W,2400
1003,SNOW,0,,,W,
1004,TMAX,328,,,W,2400
1004,TMIN,172,,,W,2400
1004,PRCP,0,,,W,2400
1004,SNOW,0,,,W,
1005,TMAX,278,,,W,2400
1005,TMIN,139,,,W,2400
1005,PRCP,0,,,W,2400
1005,SNOW,0,,,W,
1006,TMAX,228,,,W,2400
1006,TMIN,128,,,W,2400
1006,PRCP,0,,,W,2400
1006,SNOW,0,,,W,
1007,TMAX,189,,,W,2400
1007,TMIN,128,,,W,2400
1007,PRCP,0,,,W,2400
1007,SNOW,0,,,W,
1008,TMAX,189,,,W,2400
1008,TMIN,128,,,W,2400
1008,PRCP,0,,,W,2400
1008,SNOW,0,,,W,
1009,TMAX,167,,,W,2400
1009,TMIN,133,,,W,2400
1009,PRCP,0,,,W,2400
1009,SNOW,0,,,W,
1010,TMAX,178,,,W,2400
1010,TMIN,133,,,W,2400
1010,PRCP,0,,,W,2400
1010,SNOW,0,,,W,
1011,TMAX,217,,,W,2400
1011,TMIN,128,,,W,2400
1011,PRCP,0,,,W,2400
1011,SNOW,0,,,W,
1012,TMAX,294,,,W,2400
1012,TMIN,144,,,W,2400
1012,PRCP,0,,,W,2400
1012,SNOW,0,,,W,
1013,TMAX,261,,,W,2400
1013,TMIN,150,,,W,2400
1013,PRCP,0,,,W,2400
1013,SNOW,0,,,W,
1014,TMAX,200,,,W,2400
1014,TMIN,144,,,W,2400
1014,PRCP,0,,,W,2400
1014,SNOW,0,,,W,
1015,TMAX,211,,,W,2400
1015,TMIN,150,,,W,2400
1015,PRCP,0,,,W,2400
1015,SNOW,0,,,W,
1016,TMAX,200,,,W,2400
1016,TMIN,133,,,W,2400
1016,PRCP,0,,,W,2400
1016,SNOW,0,,,W,
1017,TMAX,233,,,W,2400
1017,TMIN,139,,,W,2400
1017,PRCP,0,,,W,2400
1017,SNOW,0,,,W,
1018,TMAX,244,,,W,2400
1018,TMIN,172,,,W,2400
1018,PRCP,0,,,W,2400
1018,SNOW,0,,,W,
1019,TMAX,211,,,W,2400
1019,TMIN,144,,,W,2400
1019,PRCP,0,,,W,2400
1019,SNOW,0,,,W,
1020,TMAX,194,,,W,2400
1020,TMIN,150,,,W,2400
1020,PRCP,13,,,W,2400
1020,SNOW,0,,,W,
1021,TMAX,194,,,W,2400
1021,TMIN,128,,,W,2400
1021,PRCP,0,,,W,2400
1021,SNOW,0,,,W,
1022,TMAX,211,,,W,2400
1022,TMIN,133,,,W,2400
1022,PRCP,0,,,W,2400
1022,SNOW,0,,,W,
1023,TMAX,217,,,W,2400
1023,TMIN,156,,,W,2400
1023,PRCP,0,,,W,2400
1023,SNOW,0,,,W,
1024,TMAX,200,,,W,2400
1024,TMIN,144,,,W,2400
1024,PRCP,0,,,W,2400
1024,SNOW,0,,,W,
1025,TMAX,206,,,W,2400
1025,TMIN,150,,,W,2400
1025,PRCP,48,,,W,2400
1025,SNOW,0,,,W,
1026,TMAX,194,,,W,2400
1026,TMIN,128,,,W,2400
1026,PRCP,0,,,W,2400
1026,SNOW,0,,,W,
1027,TMAX,189,,,W,2400
1027,TMIN,122,,,W,2400
1027,PRCP,0,,,W,2400
1027,SNOW,0,,,W,
1028,TMAX,206,,,W,2400
1028,TMIN,128,,,W,2400
1028,PRCP,0,,,W,2400
1028,SNOW,0,,,W,
1029,TMAX,261,,,W,2400
1029,TMIN,139,,,W,2400
1029,PRCP,0,,,W,2400
1029,SNOW,0,,,W,
1030,TMAX,217,,,W,2400
1030,TMIN,161,,,W,2400
1030,PRCP,0,,,W,2400
1030,SNOW,0,,,W,
1031,TMAX,167,,,W,2400
1031,TMIN,139,,,W,2400
1031,PRCP,56,,,W,2400
1031,SNOW,0,,,W,
1101,TMAX,178,,,W,2400
1101,TMIN,128,,,W,2400
1101,PRCP,0,,,W,2400
1101,SNOW,0,,,W,
1102,TMAX,178,,,W,2400
1102,TMIN,117,,,W,2400
1102,PRCP,0,,,W,2400
1102,SNOW,0,,,W,
1103,TMAX,200,,,W,2400
1103,TMIN,111,,,W,2400
1103,PRCP,0,,,W,2400
1103,SNOW,0,,,W,
1104,TMAX,206,,,W,2400
1104,TMIN,122,,,W,2400
1104,PRCP,0,,,W,2400
1104,SNOW,0,,,W,
1105,TMAX,239,,,W,2400
1105,TMIN,139,,,W,2400
1105,PRCP,0,,,W,2400
1105,SNOW,0,,,W,
1106,TMAX,228,,,W,2400
1106,TMIN,139,,,W,2400
1106,PRCP,0,,,W,2400
1106,SNOW,0,,,W,
1107,TMAX,194,,,W,2400
1107,TMIN,133,,,W,2400
1107,PRCP,0,,,W,2400
1107,SNOW,0,,,W,
1108,TMAX,244,,,W,2400
1108,TMIN,133,,,W,2400
1108,PRCP,0,,,W,2400
1108,SNOW,0,,,W,
1109,TMAX,222,,,W,2400
1109,TMIN,122,,,W,2400
1109,PRCP,0,,,W,2400
1109,SNOW,0,,,W,
1110,TMAX,167,,,W,2400
1110,TMIN,122,,,W,2400
1110,PRCP,0,,,W,2400
1110,SNOW,0,,,W,
1111,TMAX,178,,,W,2400
1111,TMIN,139,,,W,2400
1111,PRCP,0,,,W,2400
1111,SNOW,0,,,W,
1112,TMAX,183,,,W,2400
1112,TMIN,133,,,W,2400
1112,PRCP,3,,,W,2400
1112,SNOW,0,,,W,
1113,TMAX,172,,,W,2400
1113,TMIN,128,,,W,2400
1113,PRCP,74,,,W,2400
1113,SNOW,0,,,W,
1114,TMAX,183,,,W,2400
1114,TMIN,128,,,W,2400
1114,PRCP,0,,,W,2400
1114,SNOW,0,,,W,
1115,TMAX,183,,,W,2400
1115,TMIN,117,,,W,2400
1115,PRCP,0,,,W,2400
1115,SNOW,0,,,W,
1116,TMAX,172,,,W,2400
1116,TMIN,133,,,W,2400
1116,PRCP,0,,,W,2400
1116,SNOW,0,,,W,
1117,TMAX,189,,,W,2400
1117,TMIN,111,,,W,2400
1117,PRCP,0,,,W,2400
1117,SNOW,0,,,W,
1118,TMAX,178,,,W,2400
1118,TMIN,117,,,W,2400
1118,PRCP,0,,,W,2400
1118,SNOW,0,,,W,
1119,TMAX,161,,,W,2400
1119,TMIN,128,,,W,2400
1119,PRCP,46,,,W,2400
1119,SNOW,0,,,W,
1120,TMAX,144,,,W,2400
1120,TMIN,122,,,W,2400
1120,PRCP,145,,,W,2400
1120,SNOW,0,,,W,
1121,TMAX,161,,,W,2400
1121,TMIN,122,,,W,2400
1121,PRCP,0,,,W,2400
1121,SNOW,0,,,W,
1122,TMAX,178,,,W,2400
1122,TMIN,133,,,W,2400
1122,PRCP,79,,,W,2400
1122,SNOW,0,,,W,
1123,TMAX,183,,,W,2400
1123,TMIN,106,,,W,2400
1123,PRCP,0,,,W,2400
1123,SNOW,0,,,W,
1124,TMAX,189,,,W,2400
1124,TMIN,100,,,W,2400
1124,PRCP,0,,,W,2400
1124,SNOW,0,,,W,
1125,TMAX,183,,,W,2400
1125,TMIN,111,,,W,2400
1125,PRCP,0,,,W,2400
1125,SNOW,0,,,W,
1126,TMAX,200,,,W,2400
1126,TMIN,117,,,W,2400
1126,PRCP,0,,,W,2400
1126,SNOW,0,,,W,
1127,TMAX,194,,,W,2400
1127,TMIN,117,,,W,2400
1127,PRCP,0,,,W,2400
1127,SNOW,0,,,W,
1128,TMAX,172,,,W,2400
1128,TMIN,94,,,W,2400
1128,PRCP,5,,,W,2400
1129,TMAX,183,,,W,2400
1129,TMIN,128,,,W,2400
1129,PRCP,36,,,W,2400
1129,SNOW,0,,,W,
1130,TMAX,156,,,W,2400
1130,TMIN,122,,,W,2400
1130,PRCP,196,,,W,2400
1130,SNOW,0,,,W,
1201,TMAX,183,,,W,2400
1201,TMIN,139,,,W,2400
1201,PRCP,0,,,W,2400
1201,SNOW,0,,,W,
1201,SNWD,0,,,W,
1202,TMAX,161,,,W,2400
1202,TMIN,128,,,W,2400
1202,PRCP,409,,,W,2400
1202,SNOW,0,,,W,
1202,SNWD,0,,,W,
1203,TMAX,178,,,W,2400
1203,TMIN,139,,,W,2400
1203,PRCP,457,,,W,2400
1203,SNOW,0,,,W,
1203,SNWD,0,,,W,
1204,TMAX,189,,,W,2400
1204,TMIN,139,,,W,2400
1204,PRCP,23,,,W,2400
1204,SNOW,0,,,W,
1204,SNWD,0,,,W,
1205,TMAX,178,,,W,2400
1205,TMIN,139,,,W,2400
1205,PRCP,28,,,W,2400
1205,SNOW,0,,,W,
1205,SNWD,0,,,W,
1206,TMAX,189,,,W,2400
1206,TMIN,144,,,W,2400
1206,PRCP,46,,,W,2400
1206,SNOW,0,,,W,
1206,SNWD,0,,,W,
1207,TMAX,172,,,W,2400
1207,TMIN,139,,,W,2400
1207,PRCP,0,,,W,2400
1207,SNOW,0,,,W,
1207,SNWD,0,,,W,
1208,TMAX,200,,,W,2400
1208,TMIN,139,,,W,2400
1208,PRCP,0,,,W,2400
1208,SNOW,0,,,W,
1208,SNWD,0,,,W,
1209,TMAX,172,,,W,2400
1209,TMIN,144,,,W,2400
1209,PRCP,3,,,W,2400
1209,SNOW,0,,,W,
1209,SNWD,0,,,W,
1210,TMAX,178,,,W,2400
1210,TMIN,139,,,W,2400
1210,PRCP,0,,,W,2400
1210,SNOW,0,,,W,
1210,SNWD,0,,,W,
1211,TMAX,178,,,W,2400
1211,TMIN,100,,,W,2400
1211,PRCP,864,,,W,2400
1211,SNOW,0,,,W,
1211,SNWD,0,,,W,
1212,TMAX,139,,,W,2400
1212,TMIN,94,,,W,2400
1212,PRCP,64,,,W,2400
1212,SNOW,0,,,W,
1212,SNWD,0,,,W,
1213,TMAX,133,,,W,2400
1213,TMIN,100,,,W,2400
1213,PRCP,0,,,W,2400
1213,SNOW,0,,,W,
1213,SNWD,0,,,W,
1214,TMAX,150,,,W,2400
1214,TMIN,100,,,W,2400
1214,PRCP,46,,,W,2400
1214,SNOW,0,,,W,
1214,SNWD,0,,,W,
1215,TMAX,128,,,W,2400
1215,TMIN,100,,,W,2400
1215,PRCP,312,,,W,2400
1215,SNOW,0,,,W,
1215,SNWD,0,,,W,
1216,TMAX,161,,,W,2400
1216,TMIN,100,,,W,2400
1216,PRCP,284,,,W,2400
1216,SNOW,0,,,W,
1216,SNWD,0,,,W,
1217,TMAX,144,,,W,2400
1217,TMIN,100,,,W,2400
1217,PRCP,69,,,W,2400
1217,SNOW,0,,,W,
1217,SNWD,0,,,W,
1218,TMAX,156,,,W,2400
1218,TMIN,100,,,W,2400
1218,PRCP,10,,,W,2400
1218,SNOW,0,,,W,
1218,SNWD,0,,,W,
1219,TMAX,139,,,W,2400
1219,TMIN,122,,,W,2400
1219,PRCP,315,,,W,2400
1219,SNOW,0,,,W,
1219,SNWD,0,,,W,
1220,TMAX,161,,,W,2400
1220,TMIN,128,,,W,2400
1220,PRCP,10,,,W,2400
1220,SNOW,0,,,W,
1220,SNWD,0,,,W,
1221,TMAX,167,,,W,2400
1221,TMIN,139,,,W,2400
1221,PRCP,15,,,W,2400
1221,SNOW,0,,,W,
1221,SNWD,0,,,W,
1222,TMAX,178,,,W,2400
1222,TMIN,122,,,W,2400
1222,PRCP,0,,,W,2400
1222,SNOW,0,,,W,
1222,SNWD,0,,,W,
1223,TMAX,200,,,W,2400
1223,TMIN,117,,,W,2400
1223,PRCP,0,,,W,2400
1223,SNOW,0,,,W,
1223,SNWD,0,,,W,
1224,TMAX,161,,,W,2400
1224,TMIN,94,,,W,2400
1224,PRCP,18,,,W,2400
1224,SNWD,0,,,W,
1225,TMAX,139,,,W,2400
1225,TMIN,83,,,W,2400
1225,PRCP,0,,,W,2400
1225,SNOW,0,,,W,
1225,SNWD,0,,,W,
1226,TMAX,144,,,W,2400
1226,TMIN,89,,,W,2400
1226,PRCP,0,,,W,2400
1226,SNOW,0,,,W,
1226,SNWD,0,,,W,
1227,TMAX,128,,,W,2400
1227,TMIN,72,,,W,2400
1227,PRCP,0,,,W,2400
1227,SNOW,0,,,W,
1227,SNWD,0,,,W,
1228,TMAX,139,,,W,2400
1228,TMIN,72,,,W,2400
1228,PRCP,0,,,W,2400
1228,SNOW,0,,,W,
1228,SNWD,0,,,W,
1229,TMAX,122,,,W,2400
1229,TMIN,78,,,W,2400
1229,PRCP,0,,,W,2400
1229,SNOW,0,,,W,
1229,SNWD,0,,,W,
1230,TMAX,117,,,W,2400
1230,TMIN,72,,,W,2400
1230,PRCP,0,,,W,2400
1230,SNOW,0,,,W,
1230,SNWD,0,,,W,
1231,TMAX,139,,,W,2400
1231,TMIN,72,,,W,2400
1231,PRCP,0,,,W,2400
1231,SNOW,0,,,W,
